id;name;email;phone
1;sentimental;Adrienne_Thompson69@gmail.com;616.375.7311 x770
2;which as;Rickie10@hotmail.com;764.805.9835 x2454
3;overplay queasily lotion;Jamie_Lubowitz7@yahoo.com;252.724.1622 x78226
4;absent consequently;Casandra_Rippin73@gmail.com;296-775-4805
5;impeccable hoarse follower;Corine.Schaden45@yahoo.com;649.969.5918 x21302
6;blah because doing;Keshaun36@gmail.com;(683) 521-9872
7;recompense huzzah flame;Caroline_Senger57@gmail.com;(732) 942-2791 x58175
8;ripe;Rylan.Kirlin@gmail.com;1-528-700-5620
9;cycle;Vidal73@gmail.com;692-242-3866 x248
10;yowza axe;Kaia6@yahoo.com;(512) 355-8500
